,coefficient
pm25_lag_2d,1.43590899963229
pm25_lag_3d,0.4309955929077676
pm25_lag_4d,0.48558760684812663
pm25_lag_7d,0.20972845658902903
pm25_lag_14d,0.18996960396177168
pm25_mean_3d,-0.43378147135307454
pm25_std_3d,-0.15980133299460808
valid_days_3d,-0.04842601183346006
pm25_mean_7d,-0.2632097394568627
pm25_std_7d,0.20182678026937864
valid_days_7d,0.1438680240644194
pm25_mean_14d,-0.3394671602511059
pm25_std_14d,-0.27667288296530035
valid_days_14d,0.15861708886718964
pm25_change_1d,-0.07827955000025955
pm25_change_7d,-0.14681252068374206
pm25_trend_3_vs_previous_3d,-0.17408698648323068
lag2_missing,0.049563288095416665
target_weekday_sin,0.03612434142895592
target_weekday_cos,-0.01588016181493219
target_year_sin,0.43321783560992666
target_year_cos,0.38983413804906003
target_is_weekend,0.011064812015377968
missingindicator_pm25_lag_2d,0.049563288095416665
missingindicator_pm25_lag_3d,0.04118892534261817
missingindicator_pm25_lag_4d,0.03159984425998314
missingindicator_pm25_lag_7d,0.04108149322175339
missingindicator_pm25_lag_14d,0.1067664994933746
missingindicator_pm25_mean_3d,-0.028812727820427198
missingindicator_pm25_std_3d,-0.028812727820427198
missingindicator_pm25_mean_7d,-0.01918749037997475
missingindicator_pm25_std_7d,-0.01918749037997475
missingindicator_pm25_mean_14d,0.0853690252916016
missingindicator_pm25_std_14d,0.0853690252916016
missingindicator_pm25_change_1d,0.024520772691364715
missingindicator_pm25_change_7d,-0.09219420417787903
missingindicator_pm25_trend_3_vs_previous_3d,-0.05495231744570776
