series_id,station_code,station,official_station_code,longitude,latitude,mapping_rule
100005,44RL01,44RL01 - Roeselare,BELRL01,3.121155598901244,50.95317728023859,unique official station-code suffix
100006,40OB01,40OB01 - Oostrozebeke,BELOB01,3.3073857993357563,50.91722844102679,unique official station-code suffix
100008,40AL01,40AL01 - Linkeroever,BELAL01,4.385223684454721,51.23619419990238,unique official station-code suffix
100010,44N052,44N052 - Zwevegem,BETN052,3.3224943190372773,50.814873869919765,unique official station-code suffix
100011,42R834,42R834 - Boom,BETR834,4.380103544882495,51.092000037504356,unique official station-code suffix
100012,44R750,44R750 - Zelzate,BETR750,3.8229200468043354,51.19606326849923,unique official station-code suffix
100013,42N054,42N054 - Walshoutem,BETN054,5.103158609453958,50.711706093733504,unique official station-code suffix
100014,42N035,42N035 - Aarschot,BETN035,4.837618015698616,50.97754137811419,unique official station-code suffix
100016,42R020,42R020 - Vilvoorde,BETR020,4.436720763534069,50.94138711459387,unique official station-code suffix
100018,42N016,42N016 - Dessel,BETN016,5.1639788463317595,51.23365220616227,unique official station-code suffix
100022,42R842,42R842 - Mechelen (Hendrik Speecqvest),BETR842,4.483255334197501,51.020374444318165,unique official station-code suffix
100030,43R202,43R202 - Liège,BETR202,5.571781423606139,50.63797831100492,unique official station-code suffix
100034,41REG1,41REG1 - Brussel (Bld du Régent),BETREG1,4.367005785367071,50.84356660319525,unique official station-code suffix
100040,40DU07,40DU07 - Deurne,BETDU07,4.4487499033416125,51.2263885910435,unique official station-code suffix
100044,48R515,48R515 - Aeroport 1,BETR515,4.425464746587248,50.451600180544055,unique official station-code suffix
100049,48R516,48R516 - Aeroport 2,BETR516,4.484957959246505,50.469131603874,unique official station-code suffix
10692,40SA04,40SA04 - Hoevenen,BELSA04,4.403868139749611,51.3139288941448,unique official station-code suffix
10705,44R702,44R702 - Gent (G. Callierlaan),BETR702,3.734971479685309,51.04068941942742,unique official station-code suffix
10744,42R803,42R803 - Antwerpen (Park Spoor Noord),BETR803,4.428454177535568,51.22862981306364,unique official station-code suffix
10749,42R817,42R817 - Antwerpen (Groenenborgerlaan),BETR817,4.4179486377777355,51.17713088779366,unique official station-code suffix
10752,44R740,44R740 - Sint-Kruiswinkel,BETR740,3.808735430412745,51.1501360900007,unique official station-code suffix
10763,42R804,42R804 - Antwerpen (Ring),BETR804,4.441947090848597,51.206303948654636,unique official station-code suffix
10785,42HH08,42HH08 - Houthalen-Helchteren,BELHH08,5.3763866842389705,51.03160178512385,unique official station-code suffix
10786,42R818,42R818 - Antwerpen (Burchtse Weel),BETR818,4.350554534328846,51.212258108540006,unique official station-code suffix
10790,43R401,43R401 - Namur,BETR401,4.865260946011648,50.46242793960455,unique official station-code suffix
10832,42N047,42N047 - Hasselt,BETN047,5.354360289979902,50.936189381853765,unique official station-code suffix
10930,42R805,42R805 - Antwerpen (Belgiëlei),BETR805,4.4215592510652755,51.20822947181707,unique official station-code suffix
10940,42AL09,42AL09 - Antwerpen (Van Averbekelaan),BETAL09,4.376531512921883,51.2298134181564,unique official station-code suffix
10946,42AL10,42AL10 - Antwerpen (Blancefloerlaan),BETAL10,4.368457194756132,51.219890558046494,unique official station-code suffix
10954,40EG05,40EG05 - Rieme,BELEG05,3.7860846523965366,51.17405383876952,unique official station-code suffix
10957,42R823,42R823 - Beveren,BETR823,4.239930592809776,51.21325060421084,unique official station-code suffix
11031,42MK02,42MK02 - Merksem,BETMK02,4.427522934333513,51.250507862508094,unique official station-code suffix
11042,40SZ05,40SZ05 - Steenokkerzeel,BELSZ05,4.515181795705702,50.91664840535989,unique official station-code suffix
11049,40GK37,40GK37 - Genk,BELGK37,5.521087481113465,50.93174971458806,unique official station-code suffix
11055,48R237,48R237 - Aeroport 1,BETR237,5.470383864868788,50.65381476013357,unique official station-code suffix
11060,48R236,48R236 - Aeroport 2,BETR236,5.417128324921351,50.619097009467374,unique official station-code suffix
11065,40ZB07,40ZB07 - Zeebrugge,BELZB07,3.2182131043832807,51.32178391495644,unique official station-code suffix
11072,43N064,43N064 - Rixensart,BETN064,4.494362377317611,50.72088837560367,unique official station-code suffix
11078,40ZB08,40ZB08 - Zeebrugge (Evendijk-Oost),BELZB08,3.212604898952718,51.330403831641554,unique official station-code suffix
11098,40G100,40G100 - Sint-Kruiswinkel,BELG100,3.776281522300689,51.14536655041247,unique official station-code suffix
11116,40AT83,40AT83 - BERENDRECHT,BELAT83,4.304988727978888,51.33980296164517,unique official station-code suffix
11137,44EG08,44EG08- Evergem,,3.726421407002683,51.119370481739594,no official hourly PM2.5 match
11139,44WG06,44WG06 - Wondelgem,,3.7148524423845597,51.09995344067968,no official hourly PM2.5 match
11141,40HB81,40HB81 - Hoboken,,4.341419202100392,51.17117002290337,no official hourly PM2.5 match
6154,40AL02,40AL02 - Beveren,BELAL02,4.234832753144062,51.30452079034417,unique official station-code suffix
6155,40AL03,40AL03 - Beveren,BELAL03,4.201460395126576,51.25396488066987,unique official station-code suffix
6156,40AL04,40AL04 - Beveren,BELAL04,4.2933294769403885,51.2906675267467,unique official station-code suffix
6158,40AL05,40AL05 - Beveren,BELAL05,4.278889821667833,51.26311771687359,unique official station-code suffix
6302,40MN01,40MN01 - Menen,BELMN01,3.1096418744986645,50.79346904431341,unique official station-code suffix
6532,41B011,41B011 - Berchem-Sainte-Agathe,BETB011,4.288336366305905,50.85803059327685,unique official station-code suffix
6553,41MEU1,41MEU1 - Meudon,BETMEU1,4.392717697566157,50.89510056203224,unique official station-code suffix
6564,41N043,41N043 - Haren,BETN043,4.38296325180234,50.883559811382206,unique official station-code suffix
6579,41R001,41R001 - Molenbeek-Saint-Jean,BETR001,4.333819707712016,50.84966548806797,unique official station-code suffix
6627,41R012,41R012 - Uccle,BETR012,4.358538856351678,50.796631638497885,unique official station-code suffix
6787,42R801,42R801 - Borgerhout,BETR801,4.431821046968845,51.20966253090992,unique official station-code suffix
6789,42R802,42R802 - Borgerhout,BETR802,4.4317922307924436,51.2095187315834,unique official station-code suffix
6881,43H201,43H201 - Liège,BETH201,5.547464182570819,50.62499156889806,unique official station-code suffix
6884,43M204,43M204 - Angleur,BETM204,5.611149762819439,50.611922706553244,unique official station-code suffix
6893,43N060,43N060 - Havinnes,BETN060,3.4576244271817296,50.61671840179383,unique official station-code suffix
6901,43N063,43N063 - Corroy-Le-Grand,BETN063,4.668287682824639,50.65543910340045,unique official station-code suffix
6912,43N067,43N067 - Membach,BETN067,5.9927527191870595,50.61227752813395,unique official station-code suffix
6920,43N070,43N070 - Mons,BETN070,3.9397143255238394,50.46519215642684,unique official station-code suffix
6927,43N073,43N073 - Vezin,BETN073,4.9884229540925205,50.502716341042564,unique official station-code suffix
6937,43N085,43N085 - Vielsalm,BETN085,6.001736288537825,50.30320782818856,unique official station-code suffix
6944,43N093,43N093 - Sinsin,BETN093,5.235168654774107,50.27447751094961,unique official station-code suffix
6951,43N100,43N100 - Dourbes,BETN100,4.594762762155877,50.09568343419101,unique official station-code suffix
6958,43N113,43N113 - Sainte-Ode,BETN113,5.593016914066444,50.027029017347836,unique official station-code suffix
6964,43N121,43N121 - Offagne,BETN121,5.202387466800063,49.877128491329344,unique official station-code suffix
6971,43N132,43N132 - Habay-La-Neuve,BETN132,5.630397740609144,49.71928118788111,unique official station-code suffix
6994,43R221,43R221 - Liège,BETR221,5.627835290852658,50.658444416786566,unique official station-code suffix
7001,43R222,43R222 - Seraing,BETR222,5.570222814112581,50.61341250148189,unique official station-code suffix
7009,43R223,43R223 - Jemeppe,BETR223,5.516404755142998,50.6206708788392,unique official station-code suffix
7022,43R240,43R240 - Engis,BETR240,5.397446050127331,50.58361434736863,unique official station-code suffix
7055,44N029,44N029 - Houtem,BETN029,2.582322781489744,51.01628011113793,unique official station-code suffix
7087,44R701,44R701 - Gent,BETR701,3.7292537873641054,51.05844833594854,unique official station-code suffix
7136,45R501,45R501 - Charleroi,BETR501,4.452171781049859,50.40931145201488,unique official station-code suffix
7144,45R502,45R502 - Lodelinsart,BETR502,4.4586808580217205,50.42899539289616,unique official station-code suffix
7149,45R510,45R510 - Châtelineau,BETR510,4.521130208130446,50.416433359538004,unique official station-code suffix
7152,45R511,45R511 - Marcinelle,BETR511,4.42470045040247,50.37759210212807,unique official station-code suffix
7163,45R512,45R512 - Marchienne,BETR512,4.395897117039241,50.407810199416645,unique official station-code suffix
99994,42M802,42M802 - Antwerpen,BETM802,4.424399006935333,51.260989707467004,unique official station-code suffix
99996,44M705,44M705 - Roeselare,BETM705,3.152401590470013,50.94535924135039,unique official station-code suffix
99997,44N012,44N012 - Moerkerke,BETN012,3.3625358887016032,51.254573622436354,unique official station-code suffix
99998,44R710,44R710 - Destelbergen,BETR710,3.7752623896453605,51.06127769765455,unique official station-code suffix
