station,positives,model,precision,recall,f1,f2,accuracy,tn,fp,fn,tp,alerts
40AL02 - Beveren,59,6154,0.2669902912621359,0.9322033898305084,0.41509433962264153,0.6221719457013575,0.5646067415730337,146,151,4,55,206
40AL03 - Beveren,65,6155,0.3112244897959184,0.9384615384615385,0.4674329501915709,0.668859649122807,0.6138888888888889,160,135,4,61,196
40AL04 - Beveren,63,6156,0.2706422018348624,0.9365079365079365,0.4199288256227758,0.6276595744680851,0.5459610027855153,137,159,4,59,218
40AL05 - Beveren,66,6158,0.2975609756097561,0.9242424242424242,0.45018450184501846,0.650319829424307,0.5883977900552486,152,144,5,61,205
40MN01 - Menen,83,6302,0.3482142857142857,0.9397590361445783,0.50814332247557,0.7014388489208633,0.5863013698630137,136,146,5,78,224
41B011 - Berchem-Sainte-Agathe,51,6532,0.27218934911242604,0.9019607843137255,0.41818181818181815,0.6166219839142091,0.6473829201101928,189,123,5,46,169
41MEU1 - Meudon,58,6553,0.2833333333333333,0.8793103448275862,0.42857142857142855,0.6189320388349514,0.6263736263736264,177,129,7,51,180
41R001 - Molenbeek-Saint-Jean,54,6579,0.25824175824175827,0.8703703703703703,0.3983050847457627,0.5904522613065326,0.6109589041095891,176,135,7,47,182
42R801 - Borgerhout,59,6787,0.27638190954773867,0.9322033898305084,0.4263565891472868,0.632183908045977,0.5865921787709497,155,144,4,55,199
42R802 - Borgerhout,70,6789,0.29545454545454547,0.9285714285714286,0.4482758620689655,0.65,0.5616438356164384,140,155,5,65,220
43H201 - Liège,40,6881,0.24444444444444444,0.825,0.37714285714285717,0.559322033898305,0.6988950276243094,220,102,7,33,135
43M204 - Angleur,29,6884,0.19827586206896552,0.7931034482758621,0.31724137931034485,0.4956896551724138,0.717948717948718,229,93,6,23,116
43N060 - Havinnes,53,6893,0.2903225806451613,0.8490566037735849,0.4326923076923077,0.6130790190735694,0.6722222222222223,197,110,8,45,155
43N067 - Membach,25,6912,0.23157894736842105,0.88,0.36666666666666664,0.5641025641025641,0.7632398753894081,223,73,3,22,95
43N070 - Mons,72,6920,0.3563218390804598,0.8611111111111112,0.5040650406504065,0.670995670995671,0.6582633053221288,173,112,10,62,174
43N073 - Vezin,42,6927,0.264,0.7857142857142857,0.39520958083832336,0.5631399317406144,0.7202216066481995,227,92,9,33,125
43N085 - Vielsalm,11,6937,0.10752688172043011,0.9090909090909091,0.19230769230769232,0.36496350364963503,0.7620396600566572,259,83,1,10,93
43N093 - Sinsin,25,6944,0.14754098360655737,0.72,0.24489795918367346,0.40540540540540543,0.6908077994428969,230,104,7,18,122
43N100 - Dourbes,17,6951,0.12280701754385964,0.8235294117647058,0.21374045801526717,0.38461538461538464,0.7178082191780822,248,100,3,14,114
43N113 - Sainte-Ode,10,6958,0.06796116504854369,0.7,0.12389380530973451,0.24475524475524477,0.7272727272727273,257,96,3,7,103
43N121 - Offagne,10,6964,0.07547169811320754,0.8,0.13793103448275862,0.273972602739726,0.7229916897506925,253,98,2,8,106
43N132 - Habay-La-Neuve,14,6971,0.10909090909090909,0.8571428571428571,0.1935483870967742,0.3614457831325301,0.726027397260274,253,98,2,12,110
43R221 - Liège,49,6994,0.28368794326241137,0.8163265306122449,0.42105263157894735,0.5934718100890207,0.6986301369863014,215,101,9,40,141
43R222 - Seraing,54,7001,0.323943661971831,0.8518518518518519,0.46938775510204084,0.6424581005586593,0.7078651685393258,206,96,8,46,142
43R223 - Jemeppe,42,7009,0.2569444444444444,0.8809523809523809,0.3978494623655914,0.592948717948718,0.6871508379888268,209,107,5,37,144
43R240 - Engis,42,7022,0.2517482517482518,0.8571428571428571,0.3891891891891892,0.5787781350482315,0.6887052341597796,214,107,6,36,143
44N029 - Houtem,64,7055,0.28292682926829266,0.90625,0.4312267657992565,0.6290672451193059,0.5785123966942148,152,147,6,58,205
44R701 - Gent,75,7087,0.3302752293577982,0.96,0.49146757679180886,0.694980694980695,0.5917808219178082,144,146,3,72,218
45R501 - Charleroi,49,7136,0.30985915492957744,0.8979591836734694,0.4607329842931937,0.650887573964497,0.7178082191780822,218,98,5,44,142
45R502 - Lodelinsart,50,7144,0.2847682119205298,0.86,0.42786069651741293,0.6125356125356125,0.6814404432132964,203,108,7,43,151
45R510 - Châtelineau,44,7149,0.2777777777777778,0.9090909090909091,0.425531914893617,0.625,0.7008310249307479,213,104,4,40,144
45R511 - Marcinelle,48,7152,0.2689655172413793,0.8125,0.40414507772020725,0.5786350148367952,0.6823204419889503,208,106,9,39,145
45R512 - Marchienne,63,7163,0.32515337423312884,0.8412698412698413,0.4690265486725664,0.6385542168674698,0.6712328767123288,192,110,10,53,163
40SA04 - Hoevenen,58,10692,0.2717948717948718,0.9137931034482759,0.4189723320158103,0.6206088992974239,0.5961538461538461,164,142,5,53,195
44R702 - Gent (G. Callierlaan),68,10705,0.30660377358490565,0.9558823529411765,0.4642857142857143,0.6714876033057852,0.589041095890411,150,147,3,65,212
42R803 - Antwerpen (Park Spoor Noord),70,10744,0.3051643192488263,0.9285714285714286,0.45936395759717313,0.6592292089249493,0.5808219178082191,147,148,5,65,213
42R817 - Antwerpen (Groenenborgerlaan),58,10749,0.2613065326633166,0.896551724137931,0.4046692607003891,0.6032482598607889,0.575,155,147,6,52,199
42R804 - Antwerpen (Ring),64,10763,0.2955665024630542,0.9375,0.449438202247191,0.6535947712418301,0.5823863636363636,145,143,4,60,203
42R818 - Antwerpen (Burchtse Weel),59,10786,0.27053140096618356,0.9491525423728814,0.42105263157894735,0.6320541760722348,0.5722222222222222,150,151,3,56,207
42N047 - Hasselt,53,10832,0.2874251497005988,0.9056603773584906,0.43636363636363634,0.633245382585752,0.6219512195121951,156,119,5,48,167
42R805 - Antwerpen (Belgiëlei),70,10930,0.29130434782608694,0.9571428571428572,0.44666666666666666,0.6568627450980392,0.5452054794520548,132,163,3,67,230
42AL09 - Antwerpen (Van Averbekelaan),54,10940,0.26063829787234044,0.9074074074074074,0.4049586776859504,0.6064356435643564,0.6054794520547945,172,139,5,49,188
40EG05 - Rieme,78,10954,0.2857142857142857,0.8461538461538461,0.42718446601941745,0.6077348066298343,0.512396694214876,120,165,12,66,231
42R823 - Beveren,62,10957,0.28217821782178215,0.9193548387096774,0.4318181818181818,0.6333333333333333,0.589041095890411,158,145,5,57,202
40SZ05 - Steenokkerzeel,55,11042,0.2552083333333333,0.8909090909090909,0.3967611336032389,0.5946601941747572,0.584958217270195,161,143,6,49,192
40AT83 - BERENDRECHT,56,11116,0.26455026455026454,0.8928571428571429,0.40816326530612246,0.6053268765133172,0.5938375350140056,162,139,6,50,189
42M802 - Antwerpen,64,99994,0.2890995260663507,0.953125,0.44363636363636366,0.6531049250535332,0.5714285714285714,143,150,3,61,211
44N012 - Moerkerke,69,99997,0.29901960784313725,0.8840579710144928,0.4468864468864469,0.6354166666666666,0.5746478873239437,143,143,8,61,204
44R710 - Destelbergen,70,99998,0.3269230769230769,0.9714285714285714,0.4892086330935252,0.6967213114754098,0.6033519553072626,148,140,2,68,208
44RL01 - Roeselare,73,100005,0.3142857142857143,0.9041095890410958,0.4664310954063604,0.6573705179282868,0.5840220385674931,146,144,7,66,210
40OB01 - Oostrozebeke,94,100006,0.3424124513618677,0.9361702127659575,0.5014245014245015,0.6951026856240127,0.5138888888888888,97,169,6,88,257
40AL01 - Linkeroever,1,100008,0.038461538461538464,1.0,0.07407407407407407,0.16666666666666666,0.3055555555555556,10,25,0,1,26
44N052 - Zwevegem,71,100010,0.3113207547169811,0.9295774647887324,0.4664310954063604,0.6653225806451613,0.5770308123249299,140,146,5,66,212
44R750 - Zelzate,70,100012,0.3055555555555556,0.9428571428571428,0.46153846153846156,0.6653225806451613,0.5734072022160664,141,150,4,66,216
42N054 - Walshoutem,36,100013,0.18435754189944134,0.9166666666666666,0.30697674418604654,0.5108359133126935,0.5872576177285319,179,146,3,33,179
42N035 - Aarschot,51,100014,0.23157894736842105,0.8627450980392157,0.3651452282157676,0.5583756345177665,0.5785123966942148,166,146,7,44,190
42R020 - Vilvoorde,72,100016,0.3087557603686636,0.9305555555555556,0.46366782006920415,0.6633663366336634,0.5753424657534246,143,150,5,67,217
42N016 - Dessel,50,100018,0.22564102564102564,0.88,0.35918367346938773,0.5569620253164557,0.5698630136986301,164,151,6,44,195
42R842 - Mechelen (Hendrik Speecqvest),61,100022,0.270935960591133,0.9016393442622951,0.4166666666666667,0.6152125279642058,0.5780821917808219,156,148,6,55,203
41REG1 - Brussel (Bld du Régent),53,100034,0.2696629213483146,0.9056603773584906,0.4155844155844156,0.6153846153846154,0.6270718232044199,179,130,5,48,178
